140016270,?UnkFunc94@RenderingDeviceContextDX11@ImplDX11@needle@hh@@UEAA_KXZ,1
1400833d0,?GetInputElementCount@VertexLayoutImpl@ImplDX11@needle@hh@@UEBA_KXZ,1
1400b4070,?UnkFunc24@RenderingDeviceDX11@ImplDX11@needle@hh@@UEAAXXZ,1
1400ff540,?OnAddedToGame@GameService@game@hh@@UEAAXXZ,1
1400ff540,?OnAddedToGame@InputManager@game@hh@@UEAAXXZ,1
1400ff540,?OnAddedToGame@CameraManager@game@hh@@UEAAXXZ,1
1400ff540,?OnAddedToGame@VisualManager@gfx@hh@@UEAAXXZ,1
140104a30,?GetDependRefcountObject@NeedleRefcountObject@needle@hh@@MEAAXXZ,1
140104a30,?UnkFunc3@RenderTextureHandle@needle@hh@@UEAA_NXZ,1
140104a30,?CopyResource@RenderingDeviceContextDX11@ImplDX11@needle@hh@@UEAAXPEBVNeedleRefcountResource@34@IPEAV534@I@Z,1
140104a30,?PopMarker@RenderingDeviceContextDX11@ImplDX11@needle@hh@@UEAAXXZ,1
140104a30,?UnkFunc1@BaseFramework@fw@hh@@UEAA_KXZ,1
140104a30,?UnkFunc9@Application@fw@hh@@UEAA_KXZ,1
140104a30,?UnkFunc23@RenderingEngineNeedle@gfx@hh@@UEAAIXZ,1
140105960,?AddCallback@GameObject@game@hh@@UEAAXPEAVGameManager@23@@Z,1
14011cff0,?RNR_UnkFunc1@ResourceNameResolver@fnd@hh@@UEAAPEBDPEBD@Z,1
140142160,?Load@ManagedResource@fnd@hh@@UEAAXPEAX_KPEAVStaticResourceContainer@23@@Z,1
140146030,?UnkFunc13@HeapBase@fnd@csl@@UEAA_JXZ,1
140146040,?UnkFunc14@HeapBase@fnd@csl@@UEAA_JXZ,1
140146050,?UnkFunc15@HeapBase@fnd@csl@@UEAA_JXZ,1
14014ece0,?GetRuntimeTypeInfo@GOComponent@game@hh@@UEAAPEAXXZ,1
14014ece0,?GetRuntimeTypeInfo@GOCInput@game@hh@@UEAAPEAXXZ,1
14014ece0,?GetRuntimeTypeInfo@GOCTransform@game@hh@@UEAAPEAXXZ,1
1401b3630,??0Unk2@ResourceLoader@fnd@hh@@QEAA@PEAVIAllocator@2csl@@@Z,1
1401b5570,j_?Kill@GameObject@game@hh@@QEAAXXZ,1
140246a50,?GetInfoName@ObjInfo@game@hh@@UEAAPEBDXZ,1
140666e50,?OnGOCEvent@GOCVisualModel@gfx@hh@@UEAAXW4GOCEvent@GOComponent@game@3@AEAVGameObject@63@PEAX@Z,1
140667d90,??_DGOCVisualModel@gfx@hh@@QEAAXXZ,1
140667f20,?Update@GOCVisualTransformed@gfx@hh@@UEAAXW4UpdatingPhase@fnd@3@AEBUSUpdateInfo@53@@Z,1
140667f30,?GetRuntimeTypeInfo@GOCVisualModel@gfx@hh@@UEAAPEAXXZ,1
140668530,?OnGOCEvent@GOCVisualTransformed@gfx@hh@@UEAAXW4GOCEvent@GOComponent@game@3@AEAVGameObject@63@PEAX@Z,1
140668740,?OnGOCVisualEvent@GOCVisualTransformed@gfx@hh@@UEAAXW4GOCVisualEvent@GOCVisual@23@IPEAX@Z,1
140668770,?ProcessMessage@GOComponent@game@hh@@UEAA_NAEAVMessage@fnd@3@@Z,1
140668900,??_DGOCVisualTransformed@gfx@hh@@QEAAXXZ,1
140668960,?GetRuntimeTypeInfo@GOCVisualTransformed@gfx@hh@@UEAAPEAXXZ,1
140668a50,?GetRuntimeTypeInfo@GOCVisual@gfx@hh@@UEAAPEAXXZ,1
140668aa0,?GetNeedleResourceDevice@RenderManager@gfx@hh@@QEAAPEAVRenderingEngineNeedle@23@XZ,1
140668ed0,?UnkFunc1@RenderManager@gfx@hh@@UEAA_KXZ,1
140668ef0,?UnkFunc2@RenderManager@gfx@hh@@UEAA_KXZ,1
140668f60,?UnkFunc5@RenderManager@gfx@hh@@UEAA_KXZ,1
140669b00,?GetFieldOfView@FxCamera@needle@hh@@UEBAMXZ,1
140669d40,?GetProjectionMatrixF@LocalFxCamera@Impl@RenderManager@gfx@hh@@UEBAXPEAM@Z,1
140675030,?Reload@ResMaterial@gfx@hh@@UEAAXPEAX_K@Z,1
14067a200,?GetModelGatherBufferSize@RenderingEngine@gfx@hh@@UEAAIXZ,1
14067ab50,?OnRemovedFromGame@VisualManager@gfx@hh@@UEAAXXZ,1
14067ac30,??_DVisualManager@gfx@hh@@QEAAXXZ,1
14067cb50,?UnkFunc1@NeedleRenderer@gfx@hh@@UEAAXXZ,1
14067ce40,?CreateRenderingDevice@RenderingEngineNeedle@gfx@hh@@UEAAXPEAX@Z,1
14067ce70,?GetRenderingDevice@RenderingEngineNeedle@gfx@hh@@UEAAPEAVRenderingDevice@needle@3@XZ,1
14067ce90,?GetRenderingDeviceContext@RenderingEngineNeedle@gfx@hh@@UEAAPEAVRenderingDeviceContext@needle@3@XZ,1
14067ceb0,?GetNativeDevice@RenderingEngineNeedle@gfx@hh@@UEAAPEAUID3D11Device@@XZ,1
14067cee0,?SetSupportFX@RenderingEngineNeedle@gfx@hh@@UEAAXPEAVSupportFX@needle@3@@Z,1
14067cef0,?GetSupportFX@RenderingEngineNeedle@gfx@hh@@UEAAPEAVSupportFX@needle@3@XZ,1
14067cf00,?CreateRenderTextureHandle@RenderingEngineNeedle@gfx@hh@@UEAA_KAEBURenderTextureCreateArgs@needle@3@PEAVIAllocator@fnd@csl@@@Z,1
14067cf30,?DestroyRenderTextureHandle@RenderingEngineNeedle@gfx@hh@@UEAA_KPEAVRenderTextureHandle@needle@3@@Z,1
14067d370,?Startup@RenderingEngineNeedle@gfx@hh@@UEAA_KXZ,1
140682e20,?OnGOCVisualEvent@GOCVisualDebugDraw@gfx@hh@@UEAAXW4GOCVisualEvent@GOCVisual@23@IPEAX@Z,1
140682f60,??_DGOCVisualDebugDraw@gfx@hh@@QEAAXXZ,1
140682fd0,?GetRuntimeTypeInfo@GOCVisualDebugDraw@gfx@hh@@UEAAPEAXXZ,1
140687c90,??_DVisibilityManager@gfx@hh@@QEAAXXZ,1
1406884a0,??_DResourceListener@Impl@RenderingEngineNeedle@gfx@hh@@QEAAXXZ,1
140689800,?UnkFunc2@RenderingWorld@gfx@hh@@UEAA_KXZ,1
140689860,?UnkFunc4@RenderingWorld@gfx@hh@@UEAA_KXZ,1
1406b7884,?GetRuntimeTypeInfo@GameService@game@hh@@UEAAPEAXXZ,1
1406b7890,??_DGameService@game@hh@@QEAAXXZ,1
1406b7950,?ProcessMessage@GameObject@game@hh@@UEAA_NAEAVMessage@fnd@3@@Z,1
1406b7d70,?GetService@GameObject@game@hh@@AEAAPEAVGameService@23@PEBVGameServiceClass@23@@Z,1
1406b7d80,?SetLayer@GameObject@game@hh@@IEAAXD@Z,1
1406b7e50,?Kill@GameObject@game@hh@@QEAAXXZ,1
1406b8050,?RemoveComponent@GameObject@game@hh@@IEAAXPEAVGOComponent@23@@Z,1
1406b89c0,?AddListener@GameObject@game@hh@@QEAAXPEAVGameObjectListener@23@@Z,1
1406b8a10,?RemoveListener@GameObject@game@hh@@QEAAXPEAVGameObjectListener@23@@Z,1
1406b8c30,?GetChildren@GameObject@game@hh@@QEAAAEBV?$MoveArray@V?$Handle@VGameObject@game@hh@@@fnd@hh@@@ut@csl@@XZ,1
1406b8f60,?GetComponent@GameObject@game@hh@@AEAAPEAVGOComponent@23@PEBVGOComponentClass@23@@Z,1
1406b8f80,?GetComponents@GameObject@game@hh@@AEAA_NPEBVGOComponentClass@23@AEAV?$MoveArray@PEAVGOComponent@game@hh@@@ut@csl@@@Z,1
1406b93b0,?GetRuntimeTypeInfo@GameObject@game@hh@@UEAAPEAXXZ,1
1406b93c0,??_DGameObject@game@hh@@QEAAXXZ,1
1406ba630,??_DObjInfoContainer@game@hh@@QEAAXXZ,1
1406ba6b0,?GetClass@GOCTransform@game@hh@@SAPEBVGOComponentClass@23@XZ,1
1406ba6c0,??0GOCTransform@game@hh@@QEAA@XZ,1
1406ba830,?SetParent@GOCTransform@game@hh@@QEAAXPEAV123@@Z,1
1406bac30,?IsExistParent@GOCTransform@game@hh@@QEAA_NXZ,1
1406bac50,?SetInheritedFlags@GOCTransform@game@hh@@QEAAXW4Flag@123@@Z,1
1406bace0,?SetLocalTranslation@GOCTransform@game@hh@@QEAAXAEBVVector3@math@csl@@@Z,1
1406bad00,?SetLocalRotation@GOCTransform@game@hh@@QEAAXAEBVQuaternion@math@csl@@@Z,1
1406bad20,?SetLocalTranslationAndRotation@GOCTransform@game@hh@@QEAAXAEBVVector3@math@csl@@AEBVQuaternion@56@@Z,1
1406bad70,?SetLocalTransform@GOCTransform@game@hh@@QEAAXAEBVTransform@math@csl@@@Z,1
1406bae10,?OnGOCEvent@GOCTransform@game@hh@@UEAAXW4GOCEvent@GOComponent@23@AEAVGameObject@23@PEAX@Z,1
1406bb2f0,??0GameManager@game@hh@@QEAA@PEAVGameApplication@12@@Z,1
1406bc590,?GetService@GameManager@game@hh@@QEAAPEAVGameService@23@PEBVGameServiceClass@23@@Z,1
1406bd640,??_DGameManager@game@hh@@QEAAXXZ,1
1406be120,?OnGOCEvent@GOCInput@game@hh@@UEAAXW4GOCEvent@GOComponent@23@AEAVGameObject@23@PEAX@Z,1
1406be310,??_DGOCInput@game@hh@@QEAAXXZ,1
1406bec40,?GetClass@InputManager@game@hh@@SAPEBVGameServiceClass@23@XZ,1
1406c0330,??_DInputManager@game@hh@@QEAAXXZ,1
1406c0920,??0GameApplication@game@hh@@QEAA@PEAVFrameworkEnvironment@fw@2@@Z,1
1406c0bd0,?UnkFunc9@GameApplication@game@hh@@UEAA_KXZ,1
1406c0c40,??_DGameApplication@game@hh@@QEAAXXZ,1
1406c1270,?GetRuntimeTypeInfo@BucketedGameUpdater@game@hh@@UEAAPEAXXZ,1
1406c6c00,?ObjectRemovedFromLayerCallback@GameObjectListener@game@hh@@UEAAXPEAVGameObject@23@H@Z,1
1406c6dc0,?Load@ResObjectWorld@game@hh@@UEAAXPEAX_K@Z,1
1406cec90,??_DObjectWorldChunk@game@hh@@QEAAXXZ,1
1406d0700,??_DGameUpdater@game@hh@@QEAAXXZ,1
1406d1dc0,?GetClass@CameraManager@game@hh@@SAPEBVGameServiceClass@23@XZ,1
1406d1e30,??0CameraManager@game@hh@@AEAA@XZ,1
1406d2080,?GetTopComponent@CameraManager@game@hh@@QEAAPEAVCameraComponent@23@H@Z,1
1406d2250,?OnRemovedFromGame@CameraManager@game@hh@@UEAAXXZ,1
1406d2f20,??_DCameraManager@game@hh@@QEAAXXZ,1
1406de430,?UnkFunc18@HeapBase@fnd@csl@@UEAA_NXZ,1
1406de430,?UnkFunc22@FileLoader@fnd@hh@@UEAA_K_K@Z,1
1406e0750,??0Application@fw@hh@@QEAA@PEAVIAllocator@fnd@csl@@PEAVFrameworkEnvironment@12@@Z,1
1406e0750,??0Application@fw@hh@@QEAA@PEAVFrameworkEnvironment@12@@Z,1
1406e0b10,??_DApplication@fw@hh@@QEAAXXZ,1
1406e41c0,?UnkFunc2@FrameworkWin32@fw@hh@@UEAA_KXZ,1
1406e5750,?UnkFunc13@FileLoader@fnd@hh@@UEAA_KPEBD_K@Z,1
14071b310,??0ReferencedObject@fnd@hh@@QEAA@XZ,1
14071b350,?Release@ReferencedObject@fnd@hh@@QEAAXXZ,1
14071b380,?Free@ReferencedObject@fnd@hh@@AEAAXXZ,1
14071b3a0,?Allocate@ReferencedObject@fnd@hh@@CAPEAV123@_KPEAVIAllocator@2csl@@@Z,1
14071c790,?ProcessMessage@Messenger@fnd@hh@@UEAA_NAEAVMessage@23@@Z,1
14071c7c0,?ReceiveMessage@Messenger@fnd@hh@@UEAA_NAEAVMessage@23@@Z,1
14071cfd0,?GetTempAllocator@fnd@hh@@YAPEAVIAllocator@1csl@@XZ,1
14071cff0,?GetInstance@MemoryRouter@fnd@hh@@SAPEAV123@XZ,1
14071d000,?SetInstance@MemoryRouter@fnd@hh@@SAXPEAV123@@Z,1
14071d030,?UnkFunc14@FileLoader@fnd@hh@@UEAA_K_K0@Z,1
14071d100,?InitializeTempAllocator@fnd@hh@@YAXPEAVMemoryRouter@12@_K@Z,1
14071e300,?GetTypeInfo@Packfile@fnd@hh@@SAPEBUResourceTypeInfo@23@XZ,1
14071e4c0,?Load@Packfile@fnd@hh@@UEAAXPEAX_K@Z,1
14071f7e0,?GetNumResources@StaticResourceContainer@fnd@hh@@UEBAHXZ,1
14071f7f0,?UnkFunc1@StaticResourceContainer@fnd@hh@@UEAAXXZ,1
14071f800,?GetResourceByIndex@StaticResourceContainer@fnd@hh@@UEBAPEAVManagedResource@23@H@Z,1
14071f8f0,?GetFamilyID@StaticResourceContainer@fnd@hh@@UEAAPEAXXZ,1
14071fdc0,?UnkFunc5@InputDevice@hid@hh@@UEAAXXZ,1
1407200b0,?UnkFunc7@InputDevice@hid@hh@@UEAA_NXZ,1
140722710,??0GraphicsContext@gfnd@hh@@QEAA@PEAVIAllocator@fnd@csl@@@Z,1
140722c90,??0ResourceLoader@fnd@hh@@QEAA@XZ,1
140723390,?LoadResource@ResourceLoader@fnd@hh@@QEAAXPEBDPEBUResourceTypeInfo@23@HI@Z,1
14072c900,?Unload@ResBitmapFont@font@hh@@UEAAXXZ,1
14072c910,?Resolve@ResBitmapFont@font@hh@@UEAAXAEAVResourceResolver@fnd@3@@Z,1
1407349d0,?GetInstance@GameManager@game@hh@@SAPEAV123@XZ,1
14073ac00,?UnkFunc3@FileLoader@fnd@hh@@UEAA_K_K@Z,1
14073c6e4,?UnkFunc2@FileLoader@fnd@hh@@UEAA_K_K@Z,1
14073c7c0,?GetFamilyID@FileLoader@fnd@hh@@UEAAPEAXXZ,1
14073c830,j_?UnkFunc14@FileLoader@fnd@hh@@UEAA_K_K0@Z,1
14073cf40,j_?UnkFunc24@FileLoader@fnd@hh@@UEAA_K_K@Z,1
14073cf50,j_?UnkFunc25@FileLoader@fnd@hh@@UEAA_KPEBD@Z,1
14073cf60,j_?UnkFunc26@FileLoader@fnd@hh@@UEAA_K_K@Z,1
14073ecb0,??0HFrame@fnd@hh@@QEAA@XZ,1
14073f110,?SetLocalTranslation@HFrame@fnd@hh@@QEAAXAEBVVector3@math@csl@@@Z,1
14073f160,?SetLocalRotation@HFrame@fnd@hh@@QEAAXAEBVQuaternion@math@csl@@@Z,1
14073f2a0,?SetLocalTransform@HFrame@fnd@hh@@QEAAXAEBVTransform@math@csl@@@Z,1
14073f410,?SetFlag@HFrame@fnd@hh@@QEAAXW4Flag@123@_N@Z,1
14073faf0,?GetFamilyID@HFrame@fnd@hh@@UEAAXXZ,1
1407491b0,??0InputMapSettings@hid@hh@@QEAA@XZ,1
140749360,?BindActionMapping@InputMapSettings@hid@hh@@QEAAXPEBDI@Z,1
140749410,?BindAxisMapping@InputMapSettings@hid@hh@@QEAAXPEBDIM@Z,1
140749620,?SetActionMappingUnk1@InputMapSettings@hid@hh@@QEAAXPEBDE@Z,1
140750d80,?Resolve@ResourceManagerResolver@fnd@hh@@UEAAPEAVManagedResource@23@PEAVIAllocator@2csl@@PEBDPEBUResourceTypeInfo@23@@Z,1
14075e150,?TL_UnkFunc2@TextListener@font@hh@@UEAAHXZ,1
14076ae60,?Reserve@MessageQueue@fnd@hh@@QEAAXPEAVIAllocator@2csl@@_K@Z,1
14076e9b0,?UnkFunc1@InputDevice@hid@hh@@UEAA_KXZ,1
14076e9c0,?UnkFunc2@InputDevice@hid@hh@@UEAAMXZ,1
14076e9d0,?UnkFunc3@InputDevice@hid@hh@@UEAA?AVVector4@math@csl@@XZ,1
14076e9e0,?GetRuntimeTypeInfo@InputDevice@hid@hh@@UEAAPEAXXZ,1
14076ecb0,?UnkFunc6@InputDevice@hid@hh@@UEAA_NXZ,1
14076ed10,?UnkFunc1@Mouse@hid@hh@@UEAA_KXZ,1
14076ed20,?UnkFunc2@Mouse@hid@hh@@UEAAMXZ,1
14076ee50,?GetRuntimeTypeInfo@Mouse@hid@hh@@UEAAPEAXXZ,1
14076ee50,?GetRuntimeTypeInfo@MouseWin32@hid@hh@@UEAAPEAXXZ,1
14076ef28,?UnkFunc13@Mouse@hid@hh@@UEAA_NXZ,1
14076ef40,??_DFilePathResolver@fnd@hh@@QEAAXXZ,1
14076ef40,?UnkFunc11@Mouse@hid@hh@@UEAA_KXZ,1
14076f700,?GetNumResources@DynamicResourceContainer@fnd@hh@@UEBAHXZ,1
14076f710,?UnkFunc1@DynamicResourceContainer@fnd@hh@@UEAAXXZ,1
14076fe10,?GetFamilyID@DynamicResourceContainer@fnd@hh@@UEAAPEAXXZ,1
14076fe10,?UnkFunc17@Mouse@hid@hh@@UEAA_NXZ,1
14077ef00,?BindInput@ActionMapping@hid@hh@@QEAAXI@Z,1
14077ef60,??0ActionMapping@hid@hh@@QEAA@PEBD@Z,1
14077f090,?BindInput@AxisMapping@hid@hh@@QEAAXIM@Z,1
14077f110,??0AxisMapping@hid@hh@@QEAA@PEBD@Z,1
14078a8c0,?BeginDraw@DrawContextNeedle@gfnd@hh@@UEAAXAEBUBeginDrawInfo@DrawContext@23@@Z,1
14078a9e0,?UnkFunc8@DrawContextNeedle@gfnd@hh@@UEAA_JXZ,1
14078ab30,?EndDraw2d@DrawContextNeedle@gfnd@hh@@UEAA_JXZ,1
14078b680,?SetWireframeMode@DrawContextNeedle@gfnd@hh@@UEAA_JXZ,1
14078b6a0,?SetZTestEnable@DrawContextNeedle@gfnd@hh@@UEAA_J_N@Z,1
14078b6c0,?SetZWriteEnable@DrawContextNeedle@gfnd@hh@@UEAA_J_N@Z,1
14078b6f0,?SetCullingMode@DrawContextNeedle@gfnd@hh@@UEAA_JI@Z,1
14078c020,?Initialize@GraphicsGeometryNeedle@gfnd@hh@@UEAA_NPEAVDrawContext@23@AEBUGeometry@fnd@3@@Z,1
14078c820,?SetColor@GraphicsGeometryNeedle@gfnd@hh@@UEAA_JAEBU?$Color@E@ut@csl@@@Z,1
140791300,?UnkFunc15@MouseWin32@hid@hh@@UEAA_NXZ,1
14079130c,?UnkFunc11@MouseWin32@hid@hh@@UEAA_KXZ,1
140791320,??_DMouseWin32@hid@hh@@QEAAXXZ,1
1407918c0,?UnkFunc18@MouseWin32@hid@hh@@UEAAXXZ,1
1407b77d0,?UnkFunc4@SupportFX@needle@hh@@UEAAXMIPEAPEAVFxCamera@23@@Z,1
1407c99f0,?UnkFunc2@SupportFXAll@needle@hh@@UEAA_NXZ,1
1407ca4b0,?UnkFunc4@SupportFXAll@needle@hh@@UEAAXMIPEAPEAVFxCamera@23@@Z,1
1407d0210,?UnkFunc2@WorldRenderingPipeline@needle@hh@@UEAA_KXZ,1
1407e1980,?UnkFunc4@RenderingPipeline@needle@hh@@UEAA_KXZ,1
1407e8c00,?UnkFunc1@RenderingPipeline@needle@hh@@UEAA_KXZ,1
1407e8c00,?UnkFunc1@WorldRenderingPipeline@needle@hh@@UEAA_KXZ,1
140800b40,?ReleasePostDestroyInternal@NeedleRefcountObject@needle@hh@@MEAAXXZ,1
140800b40,?UnkFunc1@PipelineInfo@needle@hh@@UEAA_KXZ,1
140800b40,?UnkFunc2@RenderUnit@needle@hh@@UEAA_KXZ,1
140800b40,?CopySubresourceRegion@RenderingDeviceContextDX11@ImplDX11@needle@hh@@UEAAXPEBVNeedleRefcountResource@34@PEAV534@@Z,1
140800b40,?PushMarker@RenderingDeviceContextDX11@ImplDX11@needle@hh@@UEAAXPEBD@Z,1
140800b40,??_DNeedleShaderListInfo@Impl@RenderingEngineNeedle@gfx@hh@@QEAAXXZ,1
140800b40,?UnkFunc22@RenderingEngineNeedle@gfx@hh@@UEAAXXZ,1
140822010,?UnkFunc25@RenderingDeviceDX11@ImplDX11@needle@hh@@UEAAXXZ,1
140822510,?CreateVertexLayout@RenderingDeviceDX11@ImplDX11@needle@hh@@UEAAXPEBUSInputElement@34@IPEAPEAVVertexLayout@34@@Z,1
140822660,?UnkFunc12@RenderingDeviceDX11@ImplDX11@needle@hh@@UEAAXXZ,1
1408228b0,?UnkFunc18@RenderingDeviceDX11@ImplDX11@needle@hh@@UEAAXXZ,1
1408228d0,?UnkFunc20@RenderingDeviceDX11@ImplDX11@needle@hh@@UEAAXXZ,1
1408229a0,?CreateTexture@RenderingDeviceDX11@ImplDX11@needle@hh@@UEAAPEAVTexture@34@AEBUTextureCreationInfo@34@@Z,1
140823240,?CreateDeviceContext@RenderingDeviceDX11@ImplDX11@needle@hh@@UEAAPEAVRenderingDeviceContextDX11@234@I@Z,1
1408236c0,?UnkFunc9@RenderingDeviceDX11@ImplDX11@needle@hh@@UEAAPEAXXZ,1
1408237a0,?UnkFunc13@RenderingDeviceDX11@ImplDX11@needle@hh@@UEAAXXZ,1
140823930,?UnkFunc17@RenderingDeviceDX11@ImplDX11@needle@hh@@UEAAXXZ,1
140823950,?UnkFunc26@RenderingDeviceDX11@ImplDX11@needle@hh@@UEAAXXZ,1
140823960,?UnkFunc29@RenderingDeviceDX11@ImplDX11@needle@hh@@UEAAXXZ,1
140825040,?UnkFunc27@RenderingDeviceDX11@ImplDX11@needle@hh@@UEAAXXZ,1
140829370,?UnkFunc2@RenderingDeviceContextDX11@ImplDX11@needle@hh@@UEAA_NXZ,1
140829420,?ExecuteRendering@RenderingDeviceContextDX11@ImplDX11@needle@hh@@UEAA_NPEAVRenderingCommandList@34@@Z,1
1408294e0,?UnkFunc69@RenderingDeviceContextDX11@ImplDX11@needle@hh@@UEAA_KXZ,1
140829510,?UnkFunc4@RenderingDeviceContextDX11@ImplDX11@needle@hh@@UEAA_KXZ,1
140829b30,?SetScissorEnable@RenderingDeviceContextDX11@ImplDX11@needle@hh@@UEAAX_N@Z,1
140829eb0,?SetFillMode@RenderingDeviceContextDX11@ImplDX11@needle@hh@@UEAAXW4FillMode@34@@Z,1
140829f00,?SetDepthComparisonFunc@RenderingDeviceContextDX11@ImplDX11@needle@hh@@UEAAXW4ComparisonFunc@34@@Z,1
140829fb0,?SetDepthWriteEnable@RenderingDeviceContextDX11@ImplDX11@needle@hh@@UEAAX_N@Z,1
14082a140,?SetUnorderedAccessViews@RenderingDeviceContextDX11@ImplDX11@needle@hh@@UEAAXAEBUUnorderedAccessViewsSetting@34@@Z,1
14082a1d0,?UnkFunc77@RenderingDeviceContextDX11@ImplDX11@needle@hh@@UEAA_KXZ,1
14082a370,?UnkFunc11@RenderingDeviceContextDX11@ImplDX11@needle@hh@@UEAA_KXZ,1
14082a470,?UnkFunc8@RenderingDeviceContextDX11@ImplDX11@needle@hh@@UEAA_KXZ,1
14082a500,?UnkFunc9@RenderingDeviceContextDX11@ImplDX11@needle@hh@@UEAA_KXZ,1
14082a5a0,?SetVertexBuffer@RenderingDeviceContextDX11@ImplDX11@needle@hh@@UEAAXIPEAUSourceBufferSetting@34@I@Z,1
14082a680,?UnkFunc6b@RenderingDeviceContextDX11@ImplDX11@needle@hh@@UEAA_KXZ,1
14082a8b0,?UnkFunc70@RenderingDeviceContextDX11@ImplDX11@needle@hh@@UEAA_KXZ,1
14082a970,?UnkFunc5@RenderingDeviceContextDX11@ImplDX11@needle@hh@@UEAA_KXZ,1
14082ad90,?Draw@RenderingDeviceContextDX11@ImplDX11@needle@hh@@UEAAXII@Z,1
14082ada0,?Dispatch@RenderingDeviceContextDX11@ImplDX11@needle@hh@@UEAAXIII@Z,1
14082add0,?UnkFunc66@RenderingDeviceContextDX11@ImplDX11@needle@hh@@UEAAXXZ,1
14082ae10,?DrawIndexedInstanced@RenderingDeviceContextDX11@ImplDX11@needle@hh@@UEAAXIIIHI@Z,1
14082b090,?ClearUnorderedAccessViewFloat@RenderingDeviceContextDX11@ImplDX11@needle@hh@@UEAAXPEBVUnorderedAccessView@34@AEAY03$$CBM@Z,1
14082b0a0,?SetSampler@RenderingDeviceContextDX11@ImplDX11@needle@hh@@UEAAXW4ShaderStage@34@IPEBUSamplerStateSetting@34@@Z,1
14082b0b0,?UnkFunc68@RenderingDeviceContextDX11@ImplDX11@needle@hh@@UEAA_KXZ,1
14082b0c0,?UnkFunc49@RenderingDeviceContextDX11@ImplDX11@needle@hh@@UEAAXXZ,1
14082b520,?DispatchIndirect@RenderingDeviceContextDX11@ImplDX11@needle@hh@@UEAAXPEAVNeedleRefcountResource@34@I@Z,1
14082b580,?SetBlendMode@RenderingDeviceContextDX11@ImplDX11@needle@hh@@UEAAX_NW4BlendMode@34@1W4BlendOp@34@@Z,1
14082b8e0,?UnkFunc61@RenderingDeviceContextDX11@ImplDX11@needle@hh@@UEAAXXZ,1
14082b900,?SetColorWriteEnable@RenderingDeviceContextDX11@ImplDX11@needle@hh@@UEAAX_N@Z,1
14082be70,?GetRenderTargets@RenderingDeviceContextDX11@ImplDX11@needle@hh@@UEAAXAEAURenderTargetsSetting@34@@Z,1
14082bf30,?ClearDepthStencil@RenderingDeviceContextDX11@ImplDX11@needle@hh@@UEAAXPEBVDepthStencil@34@IME@Z,1
14082c050,?DrawVerticesUP@RenderingDeviceContextDX11@ImplDX11@needle@hh@@UEAAXPEBXII@Z,1
14082c150,?ClearRenderTarget@RenderingDeviceContextDX11@ImplDX11@needle@hh@@UEAAXPEBVRenderTarget@34@AEAY03$$CBM@Z,1
14082c290,?SetDepthEnable@RenderingDeviceContextDX11@ImplDX11@needle@hh@@UEAAX_N@Z,1
14082c800,?SetConstantBufferDirect@RenderingDeviceContextDX11@ImplDX11@needle@hh@@UEAAXXZ,1
14082c900,?SetRenderTargets@RenderingDeviceContextDX11@ImplDX11@needle@hh@@UEAAXAEBURenderTargetsSetting@34@@Z,1
14082ccd0,?SetPrimitiveTopology@RenderingDeviceContextDX11@ImplDX11@needle@hh@@UEAAXW4PrimitiveTopology@34@@Z,1
14082cd90,?SetBlendDescSetting@RenderingDeviceContextDX11@ImplDX11@needle@hh@@UEAAXXZ,1
14082ceb0,?GetRsFlagMask@RenderingDeviceContextDX11@ImplDX11@needle@hh@@UEAAXAEAURsFlagMask@34@@Z,1
14082cee0,?UnkFunc13@RenderingDeviceContextDX11@ImplDX11@needle@hh@@UEAA_KXZ,1
14082cf00,?SetScissor@RenderingDeviceContextDX11@ImplDX11@needle@hh@@UEAAXPEBURectangle@34@I@Z,1
14082d420,?SetTextureSampler@RenderingDeviceContextDX11@ImplDX11@needle@hh@@UEAAXPEAVCNameIDObject@34@PEAVTexture@34@PEBUSamplerStateSetting@34@@Z,1
14082d580,?FlushInternalWithoutDirty@RenderingDeviceContextDX11@ImplDX11@needle@hh@@UEAAXXZ,1
14082d590,?FlushInternal@RenderingDeviceContextDX11@ImplDX11@needle@hh@@UEAAXXZ,1
14082d790,?SetShaderParameterBool@RenderingDeviceContextDX11@ImplDX11@needle@hh@@UEAAXPEAVCNameIDObject@34@PEBMI@Z,1
14082d830,?UnkFunc12@RenderingDeviceContextDX11@ImplDX11@needle@hh@@UEAA_KXZ,1
14082da40,?SetShaderParameterNativeChunk@RenderingDeviceContextDX11@ImplDX11@needle@hh@@UEAAXPEBX@Z,1
14082da50,?ResetShaderResource@RenderingDeviceContextDX11@ImplDX11@needle@hh@@UEAAXXZ,1
14082da60,?SetShaderParameter@RenderingDeviceContextDX11@ImplDX11@needle@hh@@UEAAXPEBX@Z,1
14082da70,?DrawIndexedVerticesUP@RenderingDeviceContextDX11@ImplDX11@needle@hh@@UEAAXPEBGIPEBXII@Z,1
14082da80,?DrawIndexed@RenderingDeviceContextDX11@ImplDX11@needle@hh@@UEAAXIIH@Z,1
14082dc70,?SetVertexBufferDirect@RenderingDeviceContextDX11@ImplDX11@needle@hh@@UEAAXXZ,1
14082de90,?FlushClear@RenderingDeviceContextDX11@ImplDX11@needle@hh@@UEAAXXZ,1
14082dea0,?FlushStatus@RenderingDeviceContextDX11@ImplDX11@needle@hh@@UEAAXXZ,1
14082e000,?InvalidateStatus@RenderingDeviceContextDX11@ImplDX11@needle@hh@@UEAAXXZ,1
14082e040,?DoNothing3@RenderingDeviceContextDX11@ImplDX11@needle@hh@@UEAAXXZ,1
14082e330,?UnkFunc54@RenderingDeviceContextDX11@ImplDX11@needle@hh@@UEAAXXZ,1
14082e420,?SetShaderObject@RenderingDeviceContextDX11@ImplDX11@needle@hh@@UEAAXPEBVShaderObject@34@PEAPEBVInstanceParameterContainerData@34@IPEBEI@Z,1
14082e560,?SetShaderParameterFloat@RenderingDeviceContextDX11@ImplDX11@needle@hh@@UEAAXPEAVCNameIDObject@34@PEBMI@Z,1
14082e850,?Resolve@RenderingDeviceContextDX11@ImplDX11@needle@hh@@UEAAXPEBVNeedleRefcountResource@34@IPEAV534@I@Z,1
14082f750,?DoNothing5@RenderingDeviceContextDX11@ImplDX11@needle@hh@@UEAAIXZ,1
14082fc20,?ResetUnlockConstantBuffer@RenderingDeviceContextDX11@ImplDX11@needle@hh@@UEAAXW4ShaderStage@34@IPEAVConstantBuffer@34@@Z,1
14082fd50,?UnkFunc97@RenderingDeviceContextDX11@ImplDX11@needle@hh@@UEAA_KXZ,1
14082ffe0,?UnkFunc95@RenderingDeviceContextDX11@ImplDX11@needle@hh@@UEAA_KXZ,1
1408301f0,?UnkFunc93@RenderingDeviceContextDX11@ImplDX11@needle@hh@@UEAA_KXZ,1
1408302a0,?UnkFunc107@RenderingDeviceContextDX11@ImplDX11@needle@hh@@UEAA_KXZ,1
140866560,??0VariableString@ut@csl@@QEAA@PEBDPEAVIAllocator@fnd@2@@Z,1
140866600,??0VariableString@ut@csl@@QEAA@AEBV012@@Z,1
140866670,??1VariableString@ut@csl@@QEAA@XZ,1
1408666b0,??4VariableString@ut@csl@@QEAAAEAV012@PEBD@Z,1
140866740,??4VariableString@ut@csl@@QEAAAEAV012@AEBV012@@Z,1
1408667e0,??4VariableString@ut@csl@@QEAAAEAV012@$$QEAV012@@Z,1
140866840,?c_str@VariableString@ut@csl@@QEBAPEBDXZ,1
140866860,j_?assign@VariableString@ut@csl@@IEAAXPEAVIAllocator@fnd@3@PEBDH@Z,1
140866880,?assign@VariableString@ut@csl@@IEAAXPEAVIAllocator@fnd@3@PEBDH@Z,1
140866920,?Compare@VariableString@ut@csl@@QEBA_NPEBD@Z,1
140869830,?CreateViewMatrix@Matrix44@math@csl@@SA?AV123@VVector3@23@00@Z,1
14086ba40,?CreatePerspectiveProjectionMatrix@Matrix44@math@csl@@SA?AV123@MMMM@Z,1
14086d2c0,??_DHeapBase@fnd@csl@@QEAAXXZ,1
14086d490,?UnkFunc20@HeapBase@fnd@csl@@UEAA_JXZ,1
14086d490,?UnkFunc24@FileLoader@fnd@hh@@UEAA_K_K@Z,1
14086d4f0,?UnkFunc21@HeapBase@fnd@csl@@UEAA_NXZ,1
14086d4f0,?UnkFunc25@FileLoader@fnd@hh@@UEAA_KPEBD@Z,1
14086d550,?UnkFunc22@HeapBase@fnd@csl@@UEAAXXZ,1
14086d550,?UnkFunc26@FileLoader@fnd@hh@@UEAA_K_K@Z,1
14086d720,?UnkFunc24@HeapBase@fnd@csl@@UEAA_NXZ,1
140c25064,?Alloc@IAllocator@fnd@csl@@UEAAPEAX_K0@Z,1
140c25064,?Free@IAllocator@fnd@csl@@UEAAXPEAX@Z,1
140c25064,?AllocBottom@HeapBase@fnd@csl@@UEAAPEAX_K0@Z,1
140c25064,?Free@HeapBase@fnd@csl@@UEAAXPEAX@Z,1
140c25064,?UnkFunc1@HeapBase@fnd@csl@@UEAA_JXZ,1
140c25064,?UnkFunc2@HeapBase@fnd@csl@@UEAA_JXZ,1
140c25064,?UnkFunc3@HeapBase@fnd@csl@@UEAA_JXZ,1
140c25064,?UnkFunc4@HeapBase@fnd@csl@@UEAA_JXZ,1
140c25064,?UnkFunc5@HeapBase@fnd@csl@@UEAAXXZ,1
140c25064,?GetStatistics@HeapBase@fnd@csl@@UEAAXAEAUHeapStatistics@23@@Z,1
140c25064,?GetBufferStart@HeapBase@fnd@csl@@UEAA_KXZ,1
140c25064,?GetBufferEnd@HeapBase@fnd@csl@@UEAA_KXZ,1
140c25064,?UnkFunc12@HeapBase@fnd@csl@@UEAAXXZ,1
140c25064,?Load@ManagedResource@fnd@hh@@UEAAXPEAX_K@Z,1
140c25064,?Unload@ManagedResource@fnd@hh@@UEAAXXZ,1
140c25064,?Reload@ManagedResource@fnd@hh@@UEAAXPEAX_K@Z,1
140c25064,?Resolve@ResourceResolver@fnd@hh@@UEAAPEAVManagedResource@23@PEAVIAllocator@2csl@@PEBDPEBUResourceTypeInfo@23@@Z,1
140c25064,?UnkFunc18@FileLoader@fnd@hh@@UEAA_K_K@Z,1
140c25064,?QueryResource@NeedleRefcountResource@needle@hh@@UEAAPEAX_K@Z,1
140c25064,?QueryResource@NeedleRefcountResource@needle@hh@@UEBAPEBX_K@Z,1
140c25064,?UnkFunc1@SupportFX@needle@hh@@UEAA_KXZ,1
140c25064,?Destroy@DrawContext@gfnd@hh@@UEAA_JXZ,1
140c25064,?BeginScene@DrawContext@gfnd@hh@@UEAAXPEBVRenderableParameter@23@@Z,1
140c25064,?EndScene@DrawContext@gfnd@hh@@UEAA_JXZ,1
140c25064,?BeginDraw@DrawContext@gfnd@hh@@UEAAXAEBUBeginDrawInfo@123@@Z,1
140c25064,?EndDraw@DrawContext@gfnd@hh@@UEAA_JXZ,1
140c25064,?BeginDraw2d@DrawContext@gfnd@hh@@UEAA_JXZ,1
140c25064,?EndDraw2d@DrawContext@gfnd@hh@@UEAA_JXZ,1
140c25064,?UnkFunc8@DrawContext@gfnd@hh@@UEAA_JXZ,1
140c25064,?DrawPrimitive@DrawContext@gfnd@hh@@UEAA_JW4PrimitiveType@23@PEBUDrawVertex@23@PEBGI@Z,1
140c25064,?DrawSphere@DrawContext@gfnd@hh@@UEAA_JAEBVMatrix34@math@csl@@MAEBU?$Color@E@ut@6@@Z,1
140c25064,?DrawCapsule@DrawContext@gfnd@hh@@UEAA_JAEBVMatrix34@math@csl@@MMAEBU?$Color@E@ut@6@@Z,1
140c25064,?DrawAABB@DrawContext@gfnd@hh@@UEAA_JAEBVVector3@math@csl@@0AEBU?$Color@E@ut@6@@Z,1
140c25064,?DrawOBB@DrawContext@gfnd@hh@@UEAA_JAEBVMatrix34@math@csl@@AEBVVector3@56@AEBU?$Color@E@ut@6@@Z,1
140c25064,?DrawCylinder@DrawContext@gfnd@hh@@UEAA_JAEBVMatrix34@math@csl@@MMAEBU?$Color@E@ut@6@@Z,1
140c25064,?DrawCircle@DrawContext@gfnd@hh@@UEAA_JAEBVMatrix34@math@csl@@MAEBU?$Color@E@ut@6@@Z,1
140c25064,?DrawPlane@DrawContext@gfnd@hh@@UEAA_JAEBVMatrix34@math@csl@@MMAEBU?$Color@E@ut@6@@Z,1
140c25064,?SetWireframeMode@DrawContext@gfnd@hh@@UEAA_JXZ,1
140c25064,?SetZTestEnable@DrawContext@gfnd@hh@@UEAA_J_N@Z,1
140c25064,?SetZWriteEnable@DrawContext@gfnd@hh@@UEAA_J_N@Z,1
140c25064,?SetCullingMode@DrawContext@gfnd@hh@@UEAA_JI@Z,1
140c25064,?Initialize@GraphicsGeometry@gfnd@hh@@UEAA_NPEAVDrawContext@23@AEBUGeometry@fnd@3@@Z,1
140c25064,?InitializeEdge@GraphicsGeometry@gfnd@hh@@UEAA_NPEAVDrawContext@23@AEBUGeometry@fnd@3@@Z,1
140c25064,?InitializeWire@GraphicsGeometry@gfnd@hh@@UEAA_NPEAVDrawContext@23@AEBUWireGeometry@fnd@3@@Z,1
140c25064,?InitializeByCopying@GraphicsGeometry@gfnd@hh@@UEAA_NPEAVDrawContext@23@PEBV123@@Z,1
140c25064,?SetColor@GraphicsGeometry@gfnd@hh@@UEAA_JAEBU?$Color@E@ut@csl@@@Z,1
140c25064,?Render@GraphicsGeometry@gfnd@hh@@UEAA_JPEAVDrawContext@23@AEBVMatrix34@math@csl@@@Z,1
140c25064,?UnkFunc1@Window@fw@hh@@UEAA_KXZ,1
140c25064,?UnkFunc2@Window@fw@hh@@UEAA_KXZ,1
140c25064,?UnkFunc3@Window@fw@hh@@UEAA_KXZ,1
140c25064,?UnkFunc2@BaseFramework@fw@hh@@UEAA_KXZ,1
140c25064,?UnkFunc5@BaseFramework@fw@hh@@UEAA_KXZ,1
140c25064,?UnkFunc9@Mouse@hid@hh@@UEAAXXZ,1
140c25064,?Update@GOComponent@game@hh@@UEAAXW4UpdatingPhase@fnd@3@AEBUSUpdateInfo@53@@Z,1
140c25064,?GetRuntimeTypeInfo@GameUpdater@game@hh@@UEAAPEAXXZ,1
140c25064,?UnkFunc1@RenderManagerBase@gfnd@hh@@UEAA_KXZ,1
140c25064,?UnkFunc2@RenderManagerBase@gfnd@hh@@UEAA_KXZ,1
140c25064,?UnkFunc3@RenderManagerBase@gfnd@hh@@UEAA_KXZ,1
140c25064,?UnkFunc4@RenderManagerBase@gfnd@hh@@UEAAXXZ,1
140c25064,?UnkFunc1@RenderingComponent@gfx@hh@@UEAAXXZ,1
140c25064,?UnkFunc2@RenderingComponent@gfx@hh@@UEAAXXZ,1
140c25064,?UnkFunc4@RenderingComponent@gfx@hh@@UEAAHXZ,1
140c25064,?GetName@RenderingComponent@gfx@hh@@UEAAPEBDXZ,1
140c25064,?OnGOCVisualEvent@GOCVisual@gfx@hh@@UEAAXW4GOCVisualEvent@123@IPEAX@Z,1
140c25064,?GetCategory@GOComponent@game@hh@@UEAAPEBDXZ,1
140c25064,?CreateRenderingDevice@RenderingEngine@gfx@hh@@UEAAXPEAX@Z,1
140c25064,?GetNativeDevice@RenderingEngine@gfx@hh@@UEAAPEAUID3D11Device@@XZ,1
140d7ce68,??_7GameApplication@game@hh@@6B@,1
140d7cec8,??_7GameApplication@game@hh@@6BKeyEventHandler@fw@2@@,1
140d7cef8,??_7GameApplication@game@hh@@6BMouseEventHandler@fw@2@@,1
140d7fdc8,??_7Application@fw@hh@@6B@,1
140d7fe20,??_7Application@fw@hh@@6BKeyEventHandler@12@@,1
140d7fe50,??_7Application@fw@hh@@6BMouseEventHandler@12@@,1
140d86c38,??_7GraphicsContext@gfnd@hh@@6B@,1
140d89d88,??_7InputMapSettings@hid@hh@@6B@,1
141dcc938,?RNR_UnkFunc2@ResourceNameResolver@fnd@hh@@UEAAPEADPEBD_KPEAD1@Z,1
141dd8040,?GetClipPlanes@LocalFxCamera@Impl@RenderManager@gfx@hh@@UEBAXPEAM0@Z,1
141dda600,?UnkFunc2@NeedleRenderer@gfx@hh@@UEAAXXZ,1
141dda628,?AddRenderableToRenderTextureHandle@RenderingEngineNeedle@gfx@hh@@UEAAXPEAVRenderTextureHandle@needle@3@PEAVRenderable@gfnd@3@@Z,1
141dda790,?UnkFunc19@RenderingEngineNeedle@gfx@hh@@UEAAXXZ,1
141dda818,?UnkFunc21@RenderingEngineNeedle@gfx@hh@@UEAAXXZ,1
141de1d70,?fUnk5@GOCInput@game@hh@@UEAA_NXZ,1
141de2570,?DoStep@BucketedGameUpdater@game@hh@@UEAAPEAXAEBUGameStepInfo@23@@Z,1
141de3628,?ObjectAddedToLayerCallback@GameObjectListener@game@hh@@UEAAXPEAVGameObject@23@H@Z,1
141de4428,?OWC_UnkFunc1@ObjectWorldChunkListener@game@hh@@UEAAXXZ,1
141de6920,?UnkFunc14@Window@fw@hh@@UEAAXXZ,1
141de69a8,?UnkFunc16@Window@fw@hh@@UEAA_NXZ,1
141debf38,?UnkFunc6@Packfile@fnd@hh@@UEAAXPEAX@Z,1
141df0058,??_DFileLoader@fnd@hh@@QEAAXXZ,1
141df0108,?OpenFile@FileLoader@fnd@hh@@UEAA_KAEBVUri@23@@Z,1
141df0198,?UnkFunc12@FileLoader@fnd@hh@@UEAA_K_K0@Z,1
141df01c0,?UnkFunc4@FileLoader@fnd@hh@@UEAA_K_K@Z,1
141df0240,?UnkFunc16@FileLoader@fnd@hh@@UEAA_K_K@Z,1
141df0268,?UnkFunc21@FileLoader@fnd@hh@@UEAA_KPEBD0@Z,1
141df2768,?SetUnk2@DrawContext@gfnd@hh@@UEAA_JHHPEAI@Z,1
141df3268,?UnkFunc10@Mouse@hid@hh@@UEAA_KXZ,1
141df32f8,?UnkFunc12@Mouse@hid@hh@@UEAAXXZ,1
141df3320,?UnkFunc15@Mouse@hid@hh@@UEAA_NXZ,1
141df68d0,?UnkFunc10@MouseWin32@hid@hh@@UEAA_KXZ,1
141df68f8,?UnkFunc17@MouseWin32@hid@hh@@UEAA_NXZ,1
141df9980,?UnkFunc1@RenderUnit@needle@hh@@UEAA_KXZ,1
141df9a18,?UnkFunc7@RenderUnit@needle@hh@@UEAA_KXZ,1
141dfe638,?SetDuplicate@NeedleRefcountResource@needle@hh@@UEAA_NPEBV123@@Z,1
141dff598,?ResolveMain@RenderingDeviceContextDX11@ImplDX11@needle@hh@@UEAAXPEBVNeedleRefcountResource@34@PEAV534@@Z,1
141dff698,?Maybe_IsCapturingNow@RenderingDeviceContextDX11@ImplDX11@needle@hh@@UEAA_NXZ,1
141dffc08,?GetInputElement@VertexLayoutImpl@ImplDX11@needle@hh@@UEBA_KXZ,1
141e021b8,?UnkFunc17@HeapBase@fnd@csl@@UEAAXXZ,1
141e322a8,?FNL_UnkFunc6@FrameworkNotificationListener@fw@hh@@UEAAXXZ,1
141e34fc0,?DoStep@GameUpdater@game@hh@@UEAAPEAXAEBUGameStepInfo@23@@Z,1
1420706b8,?instance@?$Singleton@VRflTypeInfoRegistry@fnd@hh@@@fnd@csl@@2PEAVRflTypeInfoRegistry@2hh@@EA,1
142070758,?instance@GameManager@game@hh@@2PEAV123@EA,1
1420707b0,?instance@GameApplication@game@hh@@2PEAV123@EA,1
142072910,?instance@Application@fw@hh@@2PEAV123@EA,1
142072f88,?instance@MemoryRouter@fnd@hh@@2PEAV123@EA,1
1423c0518,?instance@?$Singleton@VRenderManagerBase@gfnd@hh@@@fnd@csl@@2PEAVRenderManagerBase@gfnd@hh@@EA,1
14240e7e0,?instance@GraphicsContext@gfnd@hh@@2PEAV123@EA,1
142824830,?UnkFunc8@FileLoader@fnd@hh@@UEAA_KPEBD@Z,1
14285f430,??_DFrameworkWin32@fw@hh@@QEAAXXZ,1
14285f430,??_DFramework@fw@hh@@QEAAXXZ,1
142865640,??_DResourceNameResolver@fnd@hh@@QEAAXXZ,1
1428698d0,??_DMessage@fnd@hh@@QEAAXXZ,1
14287b2b0,??_DGameManagerListener@game@hh@@QEAAXXZ,1
142964860,??_DGameStepListener@game@hh@@QEAAXXZ,1
1429c0dc0,??_DManagedResource@fnd@hh@@QEAAXXZ,1
1429c2770,??_DResTexture@gfnd@hh@@QEAAXXZ,1
1429d2e60,??_DIAllocator@fnd@csl@@QEAAXXZ,1
1429ed1e0,??_DFrameworkNotificationListener@fw@hh@@QEAAXXZ,1
1429ee1b0,?FNL_UnkFunc7@FrameworkNotificationListener@fw@hh@@UEAAXXZ,1
142a07dc0,??_DInputDevice@hid@hh@@QEAAXXZ,1
142a83000,??_DObjectWorldListener@game@hh@@QEAAXXZ,1
142b149d0,??_DGameUpdateListener@game@hh@@QEAAXXZ,1
142b44b20,??_DMouse@hid@hh@@QEAAXXZ,1
142b9d320,??_DResourceResolver@fnd@hh@@QEAAXXZ,1
142b9d320,??_DResourceManagerResolver@fnd@hh@@QEAAXXZ,1
142bc0240,??_DFrameworkFrameListener@fw@hh@@QEAAXXZ,1
142c3d670,??_DRefByHandleObject@fnd@hh@@QEAAXXZ,1
142c3d670,??_DVibration@hid@hh@@QEAAXXZ,1
142d62510,??_DWindow@fw@hh@@QEAAXXZ,1
143379e10,??_DResBitmapFont@font@hh@@QEAAXXZ,1
143379e10,??_DResObjectWorld@game@hh@@QEAAXXZ,1
1443e3b50,??_DReloaderListener@fnd@hh@@QEAAXXZ,1
144862700,??_DInputListener@game@hh@@QEAAXXZ,1
144a3cfe0,??_DBaseObject@fnd@hh@@QEAAXXZ,1
144dc5b50,??_DApplicationListener@fw@hh@@QEAAXXZ,1
144dc85c0,??_DKeyEventHandler@fw@hh@@QEAAXXZ,1
144e05830,??_DMouseEventHandler@fw@hh@@QEAAXXZ,1
144f4da80,?OnGOCVisualEvent@GOCVisualModel@gfx@hh@@UEAAXW4GOCVisualEvent@GOCVisual@23@IPEAX@Z,1
144f63650,??_DGOCVisual@gfx@hh@@QEAAXXZ,1
144f69710,?UnkFunc3@RenderManager@gfx@hh@@UEAA_KXZ,1
144f6a720,?UnkFunc4@RenderManager@gfx@hh@@UEAAXXZ,1
144f70f80,??_DImpl@RenderManager@gfx@hh@@QEAAXXZ,1
144f73750,??_DRenderManager@gfx@hh@@QEAAXXZ,1
144f77f10,?GetEyePos@LocalFxCamera@Impl@RenderManager@gfx@hh@@UEBA?AVVector3@math@csl@@XZ,1
144f79950,?GetEyePosF@LocalFxCamera@Impl@RenderManager@gfx@hh@@UEBAXPEAM@Z,1
144f7b080,?GetLookAtPos@LocalFxCamera@Impl@RenderManager@gfx@hh@@UEBA?AVVector3@math@csl@@XZ,1
144f7d3d0,?GetLookAtPosF@LocalFxCamera@Impl@RenderManager@gfx@hh@@UEBAXPEAM@Z,1
144f7e470,?GetProjectionMatrix@LocalFxCamera@Impl@RenderManager@gfx@hh@@UEBA?AVMatrix44@math@csl@@XZ,1
144f80520,?GetViewMatrix@LocalFxCamera@Impl@RenderManager@gfx@hh@@UEBA?AVMatrix44@math@csl@@XZ,1
144f81b60,?GetViewMatrixF@LocalFxCamera@Impl@RenderManager@gfx@hh@@UEBAXPEAM@Z,1
144f8f730,??_DRenderingComponent@gfx@hh@@QEAAXXZ,1
145029e30,?Load@ResMaterial@gfx@hh@@UEAAXPEAX_K@Z,1
14502b5d0,?Unload@ResMaterial@gfx@hh@@UEAAXXZ,1
14502c640,?Resolve@ResMaterial@gfx@hh@@UEAAXAEAVResourceResolver@fnd@3@@Z,1
14502da20,??_DResMaterial@gfx@hh@@QEAAXXZ,1
145074150,??_DRenderingEngine@gfx@hh@@QEAAXXZ,1
14507aea0,??_DObjectUpdateListener@game@hh@@QEAAXXZ,1
1450a3f40,?Shutdown@RenderingEngineNeedle@gfx@hh@@UEAA_KXZ,1
1451011a0,?UnkFunc20@RenderingEngineNeedle@gfx@hh@@UEAA_KXZ,1
145102600,??_DImpl@RenderingEngineNeedle@gfx@hh@@QEAAXXZ,1
145102600,?UnkFunc18@RenderingEngineNeedle@gfx@hh@@UEAAIXZ,1
145104940,??_DNeedleRenderer@gfx@hh@@QEAAXXZ,1
145106830,?SetupMainRenderUnit@RenderingEngineNeedle@gfx@hh@@UEAAXXZ,1
145107d40,??_DRenderingEngineNeedle@gfx@hh@@QEAAXXZ,1
1451ec5f0,??_DVisualModelListener@gfx@hh@@QEAAXXZ,1
1451eed40,?UnkFunc1@RenderingWorld@gfx@hh@@UEAA_KXZ,1
1451f06e0,?UnkFunc3@RenderingWorld@gfx@hh@@UEAA_KXZ,1
1451f19d0,??_DRenderingWorld@gfx@hh@@QEAAXXZ,1
1453ba630,?ReceiveMessage@GameObject@game@hh@@UEAA_NAEAVMessage@fnd@3@@Z,1
1453c3800,??_DGOComponent@game@hh@@QEAAXXZ,1
1453c7850,??_DObjInfo@game@hh@@QEAAXXZ,1
1453cd260,??_DGOCTransform@game@hh@@QEAAXXZ,1
1453d8ef0,??_DInputComponent@game@hh@@QEAAXXZ,1
1453e5540,?OnRemovedFromGame@InputManager@game@hh@@UEAAXXZ,1
1453e7b20,??_DGamePauseListener@game@hh@@QEAAXXZ,1
1453e92e0,??_DInternalPlayerInput@game@hh@@QEAAXXZ,1
145400300,?Reset@Application@fw@hh@@UEAAXXZ,1
145401ae0,?Shutdown@Application@fw@hh@@UEAAXXZ,1
145402bb0,??_DGameObjectSystem@game@hh@@QEAAXXZ,1
145405ee0,??_DBucketedGameUpdater@game@hh@@QEAAXXZ,1
145407640,??_DGameObjectRegistry@game@hh@@QEAAXXZ,1
145407640,??_DObjInfoRegistry@game@hh@@QEAAXXZ,1
14540df90,??_DWorldObjectStatus@game@hh@@QEAAXXZ,1
1454241c0,??_DCameraComponent@game@hh@@QEAAXXZ,1
1454332c0,??_DCameraManagerListener@game@hh@@QEAAXXZ,1
145445230,??_DGameObjectListener@game@hh@@QEAAXXZ,1
14550b740,??_DObjectWorldChunkLayer@game@hh@@QEAAXXZ,1
14554c540,??_DObjectWorldChunkListener@game@hh@@QEAAXXZ,1
14555c8c0,??_DInternalCameraStack@game@hh@@QEAAXXZ,1
14557bc30,??_DGameManagerOperationQueue@game@hh@@QEAAXXZ,1
14557cf40,??_DGameObjectLayer@game@hh@@QEAAXXZ,1
1455d6780,??_DMemoryRouterAllocator@fnd@hh@@QEAAXXZ,1
145614e60,?UnkFunc3@FrameworkWin32@fw@hh@@UEAA_KXZ,1
14561a250,?UnkFunc5@FrameworkWin32@fw@hh@@UEAA_KXZ,1
145620c10,??_DBaseFramework@fw@hh@@QEAAXXZ,1
145633f30,??_DEventStack@fw@hh@@QEAAXXZ,1
145633f30,?UnkFunc15@Window@fw@hh@@UEAAXXZ,1
145635970,?UnkFunc17@Window@fw@hh@@UEAAXXZ,1
1458c6080,??_DReferencedObject@fnd@hh@@QEAAXXZ,1
1458d5a10,??_DDeviceManager@hid@hh@@QEAAXXZ,1
1458d7c40,?GetRuntimeTypeInfo@Messenger@fnd@hh@@UEAAPEAXXZ,1
1458d9220,?CreateAsyncHandler@Message@fnd@hh@@UEAAPEAVMessageAsyncHandler@23@XZ,1
1458e32e0,??_DResourceManager@fnd@hh@@QEAAXXZ,1
1458e7a20,?UnkFunc6@FileLoader@fnd@hh@@UEAA_KPEBD@Z,1
1458e90f0,?Unload@Packfile@fnd@hh@@UEAAXXZ,1
1458efcf0,?GetResourceByName@StaticResourceContainer@fnd@hh@@UEBAPEAVManagedResource@23@PEBD@Z,1
1458f12b0,??_DPackfile@fnd@hh@@QEAAXXZ,1
1458f2410,??_DStaticResourceContainer@fnd@hh@@QEAAXXZ,1
1458f3f60,?Load@ResTexture@gfnd@hh@@UEAAXPEAX_K@Z,1
1458f5d50,?Unload@ResTexture@gfnd@hh@@UEAAXXZ,1
1458f7bf0,?Reload@ResTexture@gfnd@hh@@UEAAXPEAX_K@Z,1
1458fcb30,??_DGamepad@hid@hh@@QEAAXXZ,1
1459eef50,??_DGraphicsContext@gfnd@hh@@QEAAXXZ,1
1459f02e0,??_DResourceLoader@fnd@hh@@QEAAXXZ,1
145a18970,??_DFileCache@fnd@hh@@QEAAXXZ,1
145a1ccc0,??_DFontContainerListener@font@hh@@QEAAXXZ,1
145a563a0,?Load@ResBitmapFont@font@hh@@UEAAXPEAX_K@Z,1
145b525e0,?UnkFunc17@FileLoader@fnd@hh@@UEAA_K_K@Z,1
145b54b20,?UnkFunc23@FileLoader@fnd@hh@@UEAA_KPEBD@Z,1
145b6b760,?OnSync@HFrame@fnd@hh@@UEAAXAEBVTransform@math@csl@@PEAV456@@Z,1
145b6cd80,??_DHFrame@fnd@hh@@QEAAXXZ,1
145b77910,??_DAabbTree@ut@hh@@QEAAXXZ,1
145b78c50,??_DMessageManager@fnd@hh@@QEAAXXZ,1
145b7fda0,??_DResourceTypeRegistry@fnd@hh@@QEAAXXZ,1
145bb4db0,??_DInputMapSettings@hid@hh@@QEAAXXZ,1
145bd2420,??_DTextListener@font@hh@@QEAAXXZ,1
145cc32a0,??_DPointingWin32@hid@hh@@QEAAXXZ,1
145cf96c0,??_DDrawContext@gfnd@hh@@QEAAXXZ,1
145cfab00,??_DRenderManagerBase@gfnd@hh@@QEAAXXZ,1
145d057d0,??_DRenderableContainer@gfnd@hh@@QEAAXXZ,1
145d1cc80,??_DRflTypeInfoRegistry@fnd@hh@@QEAAXXZ,1
145d1cc80,??_DRflClassNameRegistry@fnd@hh@@QEAAXXZ,1
145d2bce0,??_DInputMap@hid@hh@@QEAAXXZ,1
145d4c8b0,?UnkFunc5@FileLoader@fnd@hh@@UEAA_K_K@Z,1
145d4dc50,??_DDeviceManagerWin32@hid@hh@@QEAAXXZ,1
145d51920,?UnkFunc4@InputDevice@hid@hh@@UEAA?AVVector4@math@csl@@XZ,1
145d530d0,??_DKeyboard@hid@hh@@QEAAXXZ,1
145d57260,?GetResourceByName@DynamicResourceContainer@fnd@hh@@UEBAPEAVManagedResource@23@PEBD@Z,1
145d57260,?UnkFunc18@Mouse@hid@hh@@UEAAXXZ,1
145d57d80,?GetResourceByIndex@DynamicResourceContainer@fnd@hh@@UEBAPEAVManagedResource@23@H@Z,1
145d59970,??_DDynamicResourceContainer@fnd@hh@@QEAAXXZ,1
145d59970,?UnkFunc16@Mouse@hid@hh@@UEAA_NXZ,1
145d70ea0,??_DBuiltinTypeRegistry@fnd@hh@@QEAAXXZ,1
145e4fcc0,??_DActionMapping@hid@hh@@QEAAXXZ,1
145e51bc0,??_DAxisMapping@hid@hh@@QEAAXXZ,1
145ec6620,??_DPointing@hid@hh@@QEAAXXZ,1
145ec7d00,?Destroy@DrawContextNeedle@gfnd@hh@@UEAA_JXZ,1
145ec8a20,?BeginScene@DrawContextNeedle@gfnd@hh@@UEAAXPEBVRenderableParameter@23@@Z,1
145ec9ec0,?EndScene@DrawContextNeedle@gfnd@hh@@UEAA_JXZ,1
145ecb6a0,?EndDraw@DrawContextNeedle@gfnd@hh@@UEAA_JXZ,1
145ecc8f0,?DrawPrimitive@DrawContextNeedle@gfnd@hh@@UEAA_JW4PrimitiveType@23@PEBUDrawVertex@23@PEBGI@Z,1
145ecdcd0,?DrawSphere@DrawContextNeedle@gfnd@hh@@UEAA_JAEBVMatrix34@math@csl@@MAEBU?$Color@E@ut@6@@Z,1
145ecef00,?DrawCapsule@DrawContextNeedle@gfnd@hh@@UEAA_JAEBVMatrix34@math@csl@@MMAEBU?$Color@E@ut@6@@Z,1
145ed0500,?DrawAABB@DrawContextNeedle@gfnd@hh@@UEAA_JAEBVVector3@math@csl@@0AEBU?$Color@E@ut@6@@Z,1
145ed1940,?DrawOBB@DrawContextNeedle@gfnd@hh@@UEAA_JAEBVMatrix34@math@csl@@AEBVVector3@56@AEBU?$Color@E@ut@6@@Z,1
145ed32d0,?DrawCylinder@DrawContextNeedle@gfnd@hh@@UEAA_JAEBVMatrix34@math@csl@@MMAEBU?$Color@E@ut@6@@Z,1
145ed4e30,?DrawCircle@DrawContextNeedle@gfnd@hh@@UEAA_JAEBVMatrix34@math@csl@@MAEBU?$Color@E@ut@6@@Z,1
145ed6170,??_DDrawContextNeedle@gfnd@hh@@QEAAXXZ,1
145ed7a50,?InitializeEdge@GraphicsGeometryNeedle@gfnd@hh@@UEAA_NPEAVDrawContext@23@AEBUGeometry@fnd@3@@Z,1
145eda670,?InitializeWire@GraphicsGeometryNeedle@gfnd@hh@@UEAA_NPEAVDrawContext@23@AEBUWireGeometry@fnd@3@@Z,1
145edbce0,?InitializeByCopying@GraphicsGeometryNeedle@gfnd@hh@@UEAA_NPEAVDrawContext@23@PEBVGraphicsGeometry@23@@Z,1
145edd470,?Render@GraphicsGeometryNeedle@gfnd@hh@@UEAA_JPEAVDrawContext@23@AEBVMatrix34@math@csl@@@Z,1
145edf100,??_DGraphicsGeometry@gfnd@hh@@QEAAXXZ,1
145ee0980,??_DGraphicsGeometryNeedle@gfnd@hh@@QEAAXXZ,1
145ef9c90,??_DKeyboardWin32@hid@hh@@QEAAXXZ,1
145efb180,?UnkFunc8@MouseWin32@hid@hh@@UEAA_KXZ,1
145efd880,?UnkFunc9@MouseWin32@hid@hh@@UEAAXXZ,1
145efe800,?UnkFunc14@Mouse@hid@hh@@UEAAXXZ,1
145f413b0,??_DVibrationWin32@hid@hh@@QEAAXXZ,1
14601a460,??_DSupportFX@needle@hh@@QEAAXXZ,1
14601c9b0,?UnkFunc3@SupportFX@needle@hh@@UEAA_NXZ,1
146027510,??_DPBRModelInstance@needle@hh@@QEAAXXZ,1
146029470,?QueryResource@?$TNeedleRefcountResource@$0DADAFDEOEJEMEEEN@VNeedleRefcountResource@needle@hh@@@needle@hh@@UEAAPEAX_K@Z,1
146029470,?QueryResource@?$TNeedleRefcountResource@$0DADAFDEOEJEMEEEN@VNeedleRefcountResource@needle@hh@@@needle@hh@@UEBAPEBX_K@Z,1
1460695b0,??_DSupportFXAll@needle@hh@@QEAAXXZ,1
1460775b0,?UnkFunc1@SupportFXAll@needle@hh@@UEAA_KXZ,1
14607c420,?UnkFunc3@SupportFXAll@needle@hh@@UEAA_NXZ,1
14607e220,??_DRenderTextureHandle@needle@hh@@QEAAXXZ,1
14607fcd0,??_DSceneParamContainer@needle@hh@@QEAAXXZ,1
146081cf0,?UnkFunc5@RenderTextureHandle@needle@hh@@UEAAXXZ,1
14608ebb0,?UnkFunc4@RenderTextureHandle@needle@hh@@UEAAXXZ,1
146091480,??_DRenderTexturePipeline@needle@hh@@QEAAXXZ,1
146092bf0,??_DRenderingPipeline@needle@hh@@QEAAXXZ,1
146094510,?UnkFunc2@RenderingPipeline@needle@hh@@UEAA_KXZ,1
146096860,?UnkFunc3@RenderingPipeline@needle@hh@@UEAA_KXZ,1
146097b20,??_DWorldRenderingPipeline@needle@hh@@QEAAXXZ,1
146099170,?UnkFunc5@RenderingPipeline@needle@hh@@UEAA_KXZ,1
14620c130,??_DNeedleRefcountObject@needle@hh@@IEAAXXZ,1
146211d00,??_D?$TNeedleRefcountUniqueObjectBase@VNeedleRefcountObject@needle@hh@@@needle@hh@@QEAAXXZ,1
146213b30,??_DCNameIDObject@needle@hh@@QEAAXXZ,1
146214c10,??_DCNameIDObjectStatic@needle@hh@@QEAAXXZ,1
14621bc70,??_DModelInstance@needle@hh@@QEAAXXZ,1
1462207d0,??_D?$TNeedleRefcountUniqueObjectBase@V?$TNeedleRefcountResource@$0DADADADADAFEEBEN@VNeedleRefcountResource@needle@hh@@@needle@hh@@@needle@hh@@QEAAXXZ,1
146221af0,??_DMaterialResource@needle@hh@@QEAAXXZ,1
146224000,?QueryResource@?$TNeedleRefcountResource@$0DADADADADAFEEBEN@VNeedleRefcountResource@needle@hh@@@needle@hh@@UEAAPEAX_K@Z,1
146224000,?QueryResource@?$TNeedleRefcountResource@$0DADADADADAFEEBEN@VNeedleRefcountResource@needle@hh@@@needle@hh@@UEBAPEBX_K@Z,1
1462254f0,??_DMeshResource@needle@hh@@QEAAXXZ,1
146227310,?QueryResource@?$TNeedleRefcountResource@$0DAFDEFFCEIFDEFEN@VNeedleRefcountResource@needle@hh@@@needle@hh@@UEAAPEAX_K@Z,1
146227310,?QueryResource@?$TNeedleRefcountResource@$0DAFDEFFCEIFDEFEN@VNeedleRefcountResource@needle@hh@@@needle@hh@@UEBAPEBX_K@Z,1
14622ca70,??_D?$TNeedleRefcountUniqueObjectBase@V?$TNeedleRefcountResource@$0FEEBEEEMEFEEEPEN@VNeedleRefcountResource@needle@hh@@@needle@hh@@@needle@hh@@QEAAXXZ,1
14622dab0,??_DModel@needle@hh@@QEAAXXZ,1
14622f580,?QueryResource@?$TNeedleRefcountResource@$0FEEBEEEMEFEEEPEN@VNeedleRefcountResource@needle@hh@@@needle@hh@@UEAAPEAX_K@Z,1
14622f580,?QueryResource@?$TNeedleRefcountResource@$0FEEBEEEMEFEEEPEN@VNeedleRefcountResource@needle@hh@@@needle@hh@@UEBAPEBX_K@Z,1
146232f40,??_DGatherRenderingPassContext@needle@hh@@QEAAXXZ,1
14623a630,??_DBuffer@needle@hh@@QEAAXXZ,1
146260e60,??_DComputeShader@needle@hh@@QEAAXXZ,1
1462bb5d0,??_DConstantBuffer@needle@hh@@QEAAXXZ,1
1462be4f0,??_DPixelShader@needle@hh@@QEAAXXZ,1
1463187b0,??_DRenderingDeviceDX11@ImplDX11@needle@hh@@QEAAXXZ,1
14631a200,??_DSurfaceBase@needle@hh@@QEAAXXZ,1
14631bc90,??_DVertexShader@needle@hh@@QEAAXXZ,1
14631d570,?UnkFunc21@RenderingDeviceDX11@ImplDX11@needle@hh@@UEAAXXZ,1
14631ef50,?CreateTextureView@RenderingDeviceDX11@ImplDX11@needle@hh@@UEAAXAEBUTextureViewCreationInfo@34@PEAVNeedleRefcountResource@34@@Z,1
146321980,?UnkFunc15@RenderingDeviceDX11@ImplDX11@needle@hh@@UEAAXXZ,1
146322e80,?OtherCreateDeviceContext@RenderingDeviceDX11@ImplDX11@needle@hh@@UEAAXXZ,1
1463251a0,?CreatePixelShader@RenderingDeviceDX11@ImplDX11@needle@hh@@UEAAPEAV?$NeedleResourceContainer@VPixelShader@needle@hh@@VSShaderContext2@ImplDX11@23@$0DAEPFDFADBDBFIEE@USQueryTypeSelf@523@USDupTypeNotSupport@523@@234@PEBX_K@Z,1
146326c40,?CreateVertexShader@RenderingDeviceDX11@ImplDX11@needle@hh@@UEAAPEAV?$NeedleResourceContainer@VVertexShader@needle@hh@@VSShaderContext2@ImplDX11@23@$0DAEPFDFGDBDBFIEE@USQueryTypeSelf@523@USDupTypeNotSupport@523@@234@PEBX_K@Z,1
146327b90,?UnkFunc14@RenderingDeviceDX11@ImplDX11@needle@hh@@UEAAXXZ,1
1463289a0,?UnkFunc16@RenderingDeviceDX11@ImplDX11@needle@hh@@UEAAXXZ,1
146329d60,?UnkFunc28@RenderingDeviceDX11@ImplDX11@needle@hh@@UEAAXXZ,1
14633d9b0,?QueryResource@RenderingDeviceDX11@ImplDX11@needle@hh@@UEAAPEAX_K@Z,1
14633d9b0,?QueryResource@RenderingDeviceDX11@ImplDX11@needle@hh@@UEBAPEBX_K@Z,1
1463448a0,??_DCmdNeedleRefcountObject@ImplDX11@needle@hh@@QEAAXXZ,1
1463448a0,?DoNothing4@RenderingDeviceContextDX11@ImplDX11@needle@hh@@UEAA_NXZ,1
146346280,??_DRenderingCommandList@needle@hh@@QEAAXXZ,1
146347bc0,??_DRenderingDeviceContextDX11@ImplDX11@needle@hh@@QEAAXXZ,1
146349470,??_DSParameterBuffer@ImplDX11@needle@hh@@QEAAXXZ,1
14634b990,?UnkFunc10@RenderingDeviceContextDX11@ImplDX11@needle@hh@@UEAA_KXZ,1
14636dce0,?UnkFunc3@RenderingDeviceContextDX11@ImplDX11@needle@hh@@UEAAIXZ,1
14636fc10,?UnkFunc1@RenderingDeviceContextDX11@ImplDX11@needle@hh@@UEAA_NXZ,1
146371e60,?BeginRendering@RenderingDeviceContextDX11@ImplDX11@needle@hh@@UEAAXXZ,1
1463734d0,?EndRendering@RenderingDeviceContextDX11@ImplDX11@needle@hh@@UEAAPEAXXZ,1
146374ff0,?DrawIndexedInstancedIndirect@RenderingDeviceContextDX11@ImplDX11@needle@hh@@UEAAXPEAVNeedleRefcountResource@34@I@Z,1
146376c60,?SetBlendModeWithAlpha@RenderingDeviceContextDX11@ImplDX11@needle@hh@@UEAAX_NW4BlendMode@34@1W4BlendOp@34@112@Z,1
1463782a0,?SetCullMode@RenderingDeviceContextDX11@ImplDX11@needle@hh@@UEAAXW4CullMode@34@@Z,1
146379eb0,?SetShaderResourceView@RenderingDeviceContextDX11@ImplDX11@needle@hh@@UEAAXW4ShaderStage@34@IPEAX@Z,1
14637af70,?SetShaderParameterInt@RenderingDeviceContextDX11@ImplDX11@needle@hh@@UEAAXPEAVCNameIDObject@34@PEBMI@Z,1
14637df20,?SetStencil@RenderingDeviceContextDX11@ImplDX11@needle@hh@@UEAAX_NW4ComparisonFunc@34@HIW4StencilOp@34@22I@Z,1
14637f1c0,?QueryResource@RenderingDeviceContextDX11@ImplDX11@needle@hh@@UEAAPEAX_K@Z,1
14637f1c0,?QueryResource@RenderingDeviceContextDX11@ImplDX11@needle@hh@@UEBAPEBX_K@Z,1
146381ec0,?SetRegularBufferDirect@RenderingDeviceContextDX11@ImplDX11@needle@hh@@UEAAXXZ,1
146382e00,?SetShaderConstantMemory@RenderingDeviceContextDX11@ImplDX11@needle@hh@@UEAAXW4ShaderStage@34@IPEBX_K@Z,1
146384690,?SetIndexBufferDirect@RenderingDeviceContextDX11@ImplDX11@needle@hh@@UEAAXXZ,1
1463857e0,?SetVertexBuffer@RenderingDeviceContextDX11@ImplDX11@needle@hh@@UEAAXIPEBUSourceBufferSetting@34@I@Z,1
146386e30,?SetComputeShader@RenderingDeviceContextDX11@ImplDX11@needle@hh@@UEAAXPEAVComputeShader@34@@Z,1
1463886a0,?DoNothing2@RenderingDeviceContextDX11@ImplDX11@needle@hh@@UEAAXXZ,1
146389880,?SetPixelShader@RenderingDeviceContextDX11@ImplDX11@needle@hh@@UEAAXPEAVPixelShader@34@@Z,1
14638aa20,?SetIndexBuffer@RenderingDeviceContextDX11@ImplDX11@needle@hh@@UEAAXPEBUIndexBuffer@34@I@Z,1
14638c5c0,?SetTexture@RenderingDeviceContextDX11@ImplDX11@needle@hh@@UEAAXPEAVCNameIDObject@34@PEAVTexture@34@@Z,1
14638dc90,?DoNothing1@RenderingDeviceContextDX11@ImplDX11@needle@hh@@UEAAXXZ,1
14638f8b0,?SetViewport@RenderingDeviceContextDX11@ImplDX11@needle@hh@@UEAAXPEBUViewportSetting@34@I@Z,1
146390c00,?SetMarker@RenderingDeviceContextDX11@ImplDX11@needle@hh@@UEAAXPEBD@Z,1
146391d70,?UnkFunc98@RenderingDeviceContextDX11@ImplDX11@needle@hh@@UEAA_KXZ,1
146393430,?SetLockConstantBuffer@RenderingDeviceContextDX11@ImplDX11@needle@hh@@UEAAXW4ShaderStage@34@IPEAVConstantBuffer@34@@Z,1
146395c80,?GenerateMips@RenderingDeviceContextDX11@ImplDX11@needle@hh@@UEAAXPEAVTexture@34@@Z,1
146396a80,?Unmap@RenderingDeviceContextDX11@ImplDX11@needle@hh@@UEAAXPEBVNeedleRefcountResource@34@PEBUSRawImageInfo@34@@Z,1
1463efc70,?UnkFunc96@RenderingDeviceContextDX11@ImplDX11@needle@hh@@UEAA_KXZ,1
1463f1a80,?ResetUnlockShaderResourceView@RenderingDeviceContextDX11@ImplDX11@needle@hh@@UEAAXW4ShaderStage@34@I@Z,1
1463f3ef0,?ResetUnlockSampler@RenderingDeviceContextDX11@ImplDX11@needle@hh@@UEAAXW4ShaderStage@34@I@Z,1
1463f7f60,?UpdateResourceA@RenderingDeviceContextDX11@ImplDX11@needle@hh@@UEAAXPEBVNeedleRefcountResource@34@IAEBUBox@34@USRawImageInfo@34@@Z,1
1463f9320,?Map@RenderingDeviceContextDX11@ImplDX11@needle@hh@@UEAAXPEBVNeedleRefcountResource@34@IW4MapType@34@PEAUSRawImageInfo@34@@Z,1
1463fa880,?DoNothing6@RenderingDeviceContextDX11@ImplDX11@needle@hh@@UEAA_NXZ,1
1463fc7a0,?UnkFunc106@RenderingDeviceContextDX11@ImplDX11@needle@hh@@UEAA_KXZ,1
1463fdc10,?UnkFunc100@RenderingDeviceContextDX11@ImplDX11@needle@hh@@UEAA_KXZ,1
146403380,?UnkFunc99@RenderingDeviceContextDX11@ImplDX11@needle@hh@@UEAA_KXZ,1
14640ca80,??_D?$TNeedleRefcountUniqueObjectBase@VNeedleRefcountResource@needle@hh@@@needle@hh@@QEAAXXZ,1
146413bb0,??_DVertexLayoutImplKey@ImplDX11@needle@hh@@QEAAXXZ,1
1464174e0,?QueryResource@?$NeedleResourceContainer@VVertexLayout@needle@hh@@V?$VertexLayoutDX11Impl@$0DAEPEMFGDBDBFIEE@@ImplDX11@23@$0FEEOEDFDFCDBDBEO@USQueryTypeOwn@523@USDupTypeNotSupport@523@@ImplDX11@needle@hh@@UEAAPEAX_K@Z,1
1464174e0,?QueryResource@?$NeedleResourceContainer@VVertexLayout@needle@hh@@V?$VertexLayoutDX11Impl@$0DAEPEMFGDBDBFIEE@@ImplDX11@23@$0FEEOEDFDFCDBDBEO@USQueryTypeOwn@523@USDupTypeNotSupport@523@@ImplDX11@needle@hh@@UEBAPEBX_K@Z,1
14641bf00,?SetDebugObjectName@VertexLayoutImpl@ImplDX11@needle@hh@@UEAAXPEBD@Z,1
1465b3e30,?Alloc@HeapBase@fnd@csl@@UEAAPEAX_K0@Z,1
1465b4ed0,?UnkFunc23@HeapBase@fnd@csl@@UEAAXXZ,1
1465b4ed0,?UnkFunc27@FileLoader@fnd@hh@@UEAA_K_K@Z,1
1465b6130,?UnkFunc25@HeapBase@fnd@csl@@UEAAXXZ,1
146623ac0,?UnkFunc19@HeapBase@fnd@csl@@UEAAHXZ,1
